{
    "LMA": {
        "raw_min": 1.817197618,
        "raw_max": 561.9755,
        "lambda": 0.08663294214302715,
        "shift": 0.0,
        "trans_mean": 5.012673624189952,
        "trans_std": 0.6920133771105555,
        "used_boxcox": true
    },
    "EWT": {
        "raw_min": 21.0,
        "raw_max": 1202.37022557629,
        "lambda": -0.3292675944824849,
        "shift": 0.0,
        "trans_mean": 2.4212492762873397,
        "trans_std": 0.09105755500800737,
        "used_boxcox": true
    },
    "LDMC": {
        "raw_min": 0.0358054711246201,
        "raw_max": 0.825053996,
        "lambda": 1.0045281565736641,
        "shift": 0.0,
        "trans_mean": -0.6369493398503334,
        "trans_std": 0.10751245280125231,
        "used_boxcox": true
    },
    "Car": {
        "raw_min": 0.0,
        "raw_max": 5089.5,
        "lambda": 0.4094831207703133,
        "shift": 1e-08,
        "trans_mean": 42.94246682053583,
        "trans_std": 10.089676805767082,
        "used_boxcox": true
    },
    "Chla": {
        "raw_min": 146.153846153846,
        "raw_max": 23271.8,
        "lambda": 0.5086411090632299,
        "shift": 0.0,
        "trans_mean": 156.16993441037042,
        "trans_std": 42.94095525361078,
        "used_boxcox": true
    },
    "Chlb": {
        "raw_min": 87.9310344827586,
        "raw_max": 8192.3,
        "lambda": 0.4623006102801028,
        "shift": 0.0,
        "trans_mean": 67.70273539180755,
        "trans_std": 17.472388918595847,
        "used_boxcox": true
    },
    "Chla+b": {
        "raw_min": 158.620689655172,
        "raw_max": 31464.1,
        "lambda": 0.4008111741997295,
        "shift": 0.0,
        "trans_mean": 81.72704481413427,
        "trans_std": 20.948065663346863,
        "used_boxcox": true
    },
    "Hemicellulose": {
        "raw_min": 0.02773341546,
        "raw_max": 0.464,
        "lambda": -0.3519525771881571,
        "shift": 0.0,
        "trans_mean": -3.204256355205971,
        "trans_std": 1.0329591377907499,
        "used_boxcox": true
    },
    "Cellulose": {
        "raw_min": 0.038,
        "raw_max": 0.4836,
        "lambda": -0.05001863800544628,
        "shift": 0.0,
        "trans_mean": -2.113892731892814,
        "trans_std": 0.4239351251029684,
        "used_boxcox": true
    },
    "Lignin": {
        "raw_min": 0.00421630934,
        "raw_max": 0.6690603035,
        "lambda": 0.3866995444341131,
        "shift": 0.0,
        "trans_mean": -1.456823791341221,
        "trans_std": 0.2843360224684751,
        "used_boxcox": true
    },
    "N": {
        "raw_min": 0.0025,
        "raw_max": 0.0670999999999999,
        "lambda": 0.2600604848395008,
        "shift": 0.0,
        "trans_mean": -2.412149324853149,
        "trans_std": 0.14532417722551016,
        "used_boxcox": true
    },
    "C": {
        "raw_min": 0.3696,
        "raw_max": 0.575,
        "lambda": 2.3063610278887294,
        "shift": 0.0,
        "trans_mean": -0.355835420670587,
        "trans_std": 0.010453707154631245,
        "used_boxcox": true
    }
}